/ /docs/home/ 301!  // Changed from /docs/concepts/

/discord https://discord.gg/6WjJz3gQ 301!

/docs/github https://github.com/ArcadeAI/arcade-ai 301!
/docs/discord https://discord.gg/6WjJz3gQ 301!
/reference https://reference.arcade-ai.com 301!
/docs/contributing https://github.com/ArcadeAI/arcade-ai/CONTRIBUTING.md 301!
/docs/conduct https://github.com/ArcadeAI/arcade-ai/CODE_OF_CONDUCT.md 301!
/docs/examples https://github.com/ArcadeAI/arcade-ai 301!
/docs/dockerhub https://hub.docker.com/r/arcade-ai/ 301!
